<?xml version="1.0" encoding="UTF-8" standalone="yes"?>
<manifest>
  <control namespace="Nexus" constructor="DataImported" version="1.0.11" display-name-key="DataImported" description-key="DataImported description" control-type="standard" api-version="1.3.14">
    <external-service-usage enabled="false"/>
    <data-set name="items" display-name-key="Dataset_Display_Key"/>
    <property name="entityLogicalName" display-name-key="Entity Logical Name" description-key="Entity Logical Name" of-type="SingleLine.Text" usage="input" required="true" default-value="contact"/>
    <resources>
      <code path="bundle.js" order="1"/>
      <css path="css/DataImported.css" order="1"/>
    </resources>
    <built-by name="pac" version="1.33.3"/>
  </control>
</manifest>